<?xml version="1.0" encoding="UTF-8" standalone="no" ?>
<SimscapeMultibodyImportXML version="2.0" xmlns="urn:mathworks:SimscapeMultibody:import" xmlns:xsi="http://www.w3.org/2001/XMLSchema-instance">
<Created by="" on="11/08/21||22:26:43" using="Simscape Multibody Link Version 7.0" from="SolidWorks 28.5.0"/>
<ModelUnits mass="kilogram" length="millimeter"/>
<DataUnits mass="kilogram" length="meter"/>
<RootAssembly name="" uid="" version="116">
<AssemblyFile name="" type="SolidWorks Assembly"/>
<InstanceTree>
<Instance name="Rocker-1" uid="Rocker-1" entityUid="Rocker*:*Predeterminado">
<Transform>
<Rotation>0.97648985081246087 -0.21556338107447251 0 0.21556338107447251 0.97648985081246087 0 0 0 1</Rotation>
<Translation>0.13818656749191385 0.12137978226427146 0.33999999999999542</Translation>
</Transform>
</Instance>
<Instance name="Crank-1" uid="Crank-1" entityUid="Crank*:*Predeterminado">
<Transform>
<Rotation>0.96756574459058908 -0.25261933792736257 0 0.25261933792736257 0.96756574459058908 0 0 0 0.99999999999999989</Rotation>
<Translation>-0.15344390064980085 0.071975222819225138 0.33999999999999542</Translation>
</Transform>
</Instance>
<Instance name="Ground-1" uid="Ground-1" grounded="true" entityUid="Ground*:*Predeterminado">
<Transform>
<Rotation>1 0 0 0 1 0 0 0 1</Rotation>
<Translation>0.01297635631547811 0.0090834494208369872 0.32999999999999541</Translation>
</Transform>
</Instance>
<Instance name="Coupler-1" uid="Coupler-1" entityUid="Coupler*:*Predeterminado">
<Transform>
<Rotation>-0.32936372963363741 -0.94420312094475745 0 0.94420312094475745 -0.32936372963363741 0 0 0 0.99999999999999989</Rotation>
<Translation>-0.028233689473365103 0.18427155566265982 0.34999999999999543</Translation>
</Transform>
</Instance>
</InstanceTree>
<Constraints>
<Coincident name="Coincidente1">
<ConstraintGeometry geomType="plane">
<InstancePath>
<Uid>Ground-1</Uid>
</InstancePath>
<Position>0.14999999999999999 0 0.010000000000000009</Position>
<Axis>0 0 1</Axis>
</ConstraintGeometry>
<ConstraintGeometry geomType="plane">
<InstancePath>
<Uid>Crank-1</Uid>
</InstancePath>
<Position>0 -0.065000000000000016 0</Position>
<Axis>0 0 -0.99999999999999989</Axis>
</ConstraintGeometry>
</Coincident>
<Coincident name="Coincidente2">
<ConstraintGeometry geomType="circle">
<InstancePath>
<Uid>Ground-1</Uid>
</InstancePath>
<Position>-0.14999999999999999 0 0.010000000000000009</Position>
<Axis>0 0 1</Axis>
</ConstraintGeometry>
<ConstraintGeometry geomType="circle">
<InstancePath>
<Uid>Crank-1</Uid>
</InstancePath>
<Position>0 -0.065000000000000016 0</Position>
<Axis>0 0 0.99999999999999989</Axis>
</ConstraintGeometry>
</Coincident>
<Coincident name="Coincidente5">
<ConstraintGeometry geomType="plane">
<InstancePath>
<Uid>Coupler-1</Uid>
</InstancePath>
<Position>0 -0.15000000000000002 0</Position>
<Axis>0 0 -0.99999999999999989</Axis>
</ConstraintGeometry>
<ConstraintGeometry geomType="plane">
<InstancePath>
<Uid>Crank-1</Uid>
</InstancePath>
<Position>0 -0.065000000000000016 0.010000000000000009</Position>
<Axis>0 0 0.99999999999999989</Axis>
</ConstraintGeometry>
</Coincident>
<Coincident name="Coincidente6">
<ConstraintGeometry geomType="circle">
<InstancePath>
<Uid>Coupler-1</Uid>
</InstancePath>
<Position>0 0.15000000000000002 0</Position>
<Axis>0 0 0.99999999999999989</Axis>
</ConstraintGeometry>
<ConstraintGeometry geomType="circle">
<InstancePath>
<Uid>Crank-1</Uid>
</InstancePath>
<Position>0 0.065000000000000002 0.010000000000000009</Position>
<Axis>0 0 0.99999999999999989</Axis>
</ConstraintGeometry>
</Coincident>
<Coincident name="Coincidente7">
<ConstraintGeometry geomType="plane">
<InstancePath>
<Uid>Coupler-1</Uid>
</InstancePath>
<Position>0 -0.15000000000000002 0</Position>
<Axis>0 0 -0.99999999999999989</Axis>
</ConstraintGeometry>
<ConstraintGeometry geomType="plane">
<InstancePath>
<Uid>Rocker-1</Uid>
</InstancePath>
<Position>0 -0.11500000000000003 0.010000000000000009</Position>
<Axis>0 0 1</Axis>
</ConstraintGeometry>
</Coincident>
<Coincident name="Coincidente8">
<ConstraintGeometry geomType="circle">
<InstancePath>
<Uid>Coupler-1</Uid>
</InstancePath>
<Position>0 -0.15000000000000002 0</Position>
<Axis>0 0 0.99999999999999989</Axis>
</ConstraintGeometry>
<ConstraintGeometry geomType="circle">
<InstancePath>
<Uid>Rocker-1</Uid>
</InstancePath>
<Position>0 0.11500000000000006 0.010000000000000009</Position>
<Axis>0 0 1</Axis>
</ConstraintGeometry>
</Coincident>
<Coincident name="Coincidente9">
<ConstraintGeometry geomType="circle">
<InstancePath>
<Uid>Ground-1</Uid>
</InstancePath>
<Position>0.14999999999999999 0 0.010000000000000009</Position>
<Axis>0 0 1</Axis>
</ConstraintGeometry>
<ConstraintGeometry geomType="circle">
<InstancePath>
<Uid>Rocker-1</Uid>
</InstancePath>
<Position>0 -0.11500000000000003 0</Position>
<Axis>0 0 1</Axis>
</ConstraintGeometry>
</Coincident>
</Constraints>
</RootAssembly>
<Assemblies>
</Assemblies>
<Parts>
<Part name="Coupler" uid="Coupler*:*Predeterminado" version="108">
<ModelUnits mass="kilogram" length="millimeter"/>
<PartFile name="Coupler.SLDPRT" type="SolidWorks Part"/>
<MassProperties>
<Mass>0.25377252120915939</Mass>
<CenterOfMass>0 0 0.0049999999999999992</CenterOfMass>
<Inertia>0.0021044182093172795 2.1311482111193086e-05 0.0021215001494083196 0 0 0</Inertia>
</MassProperties>
<GeometryFile name="Coupler_Predeterminado_sldprt.STEP" type="STEP"/>
<VisualProperties>
<Ambient r="0.66666666666666663" g="0.69803921568627447" b="0.76862745098039209" a="1"/>
<Diffuse r="0.66666666666666663" g="0.69803921568627447" b="0.76862745098039209" a="1"/>
<Specular r="0.33333333333333331" g="0.34901960784313724" b="0.38431372549019605" a="1"/>
<Emissive r="0" g="0" b="0" a="1"/>
<Shininess>0.3125</Shininess>
</VisualProperties>
</Part>
<Part name="Crank" uid="Crank*:*Predeterminado" version="108">
<ModelUnits mass="kilogram" length="millimeter"/>
<PartFile name="Crank.SLDPRT" type="SolidWorks Part"/>
<MassProperties>
<Mass>0.11607252120915941</Mass>
<CenterOfMass>0 0 0.0049999999999999992</CenterOfMass>
<Inertia>0.00021154538421989157 9.8364821111930852e-06 0.00021944732431093201 0 0 0</Inertia>
</MassProperties>
<GeometryFile name="Crank_Predeterminado_sldprt.STEP" type="STEP"/>
<VisualProperties>
<Ambient r="0.66666666666666663" g="0.69803921568627447" b="0.76862745098039209" a="1"/>
<Diffuse r="0.66666666666666663" g="0.69803921568627447" b="0.76862745098039209" a="1"/>
<Specular r="0.33333333333333331" g="0.34901960784313724" b="0.38431372549019605" a="1"/>
<Emissive r="0" g="0" b="0" a="1"/>
<Shininess>0.3125</Shininess>
</VisualProperties>
</Part>
<Part name="Ground" uid="Ground*:*Predeterminado" version="108">
<ModelUnits mass="kilogram" length="millimeter"/>
<PartFile name="Ground.SLDPRT" type="SolidWorks Part"/>
<MassProperties>
<Mass>0.25377252120915939</Mass>
<CenterOfMass>0 0 0.0049999999999999992</CenterOfMass>
<Inertia>2.1311482111193079e-05 0.0021044182093172782 0.0021215001494083183 0 0 0</Inertia>
</MassProperties>
<GeometryFile name="Ground_Predeterminado_sldprt.STEP" type="STEP"/>
<VisualProperties>
<Ambient r="0.66666666666666663" g="0.69803921568627447" b="0.76862745098039209" a="1"/>
<Diffuse r="0.66666666666666663" g="0.69803921568627447" b="0.76862745098039209" a="1"/>
<Specular r="0.33333333333333331" g="0.34901960784313724" b="0.38431372549019605" a="1"/>
<Emissive r="0" g="0" b="0" a="1"/>
<Shininess>0.3125</Shininess>
</VisualProperties>
</Part>
<Part name="Rocker" uid="Rocker*:*Predeterminado" version="109">
<ModelUnits mass="kilogram" length="millimeter"/>
<PartFile name="Rocker.SLDPRT" type="SolidWorks Part"/>
<MassProperties>
<Mass>0.19707252120915938</Mass>
<CenterOfMass>0 0 0.0050000000000000001</CenterOfMass>
<Inertia>0.00099429807510232606 1.6586482111193087e-05 0.0010076000151933665 0 0 0</Inertia>
</MassProperties>
<GeometryFile name="Rocker_Predeterminado_sldprt.STEP" type="STEP"/>
<VisualProperties>
<Ambient r="0.66666666666666663" g="0.69803921568627447" b="0.76862745098039209" a="1"/>
<Diffuse r="0.66666666666666663" g="0.69803921568627447" b="0.76862745098039209" a="1"/>
<Specular r="0.33333333333333331" g="0.34901960784313724" b="0.38431372549019605" a="1"/>
<Emissive r="0" g="0" b="0" a="1"/>
<Shininess>0.3125</Shininess>
</VisualProperties>
</Part>
</Parts>
</SimscapeMultibodyImportXML>
