<?xml version="1.0" encoding="UTF-8" standalone="no" ?>
<SimscapeMultibodyImportXML version="2.0" xmlns="urn:mathworks:SimscapeMultibody:import" xmlns:xsi="http://www.w3.org/2001/XMLSchema-instance">
<Created by="" on="11/22/21||01:36:04" using="Simscape Multibody Link Version 7.0" from="SolidWorks 28.5.0"/>
<ModelUnits mass="kilogram" length="millimeter"/>
<DataUnits mass="kilogram" length="meter"/>
<RootAssembly name="P4BM" uid="P4BM" version="146">
<AssemblyFile name="P4BM.SLDASM" type="SolidWorks Assembly"/>
<InstanceTree>
<Instance name="Crank-2" uid="Crank-2" entityUid="Crank*:*Predeterminado">
<Transform>
<Rotation>0.99999924081406788 -0.0012322220935787596 0 0.0012322220935787596 0.99999924081406788 0 0 0 1</Rotation>
<Translation>-0.14843956656524435 0.02437165831763714 0.33999999999999542</Translation>
</Transform>
</Instance>
<Instance name="Rocker-2" uid="Rocker-2" entityUid="Rocker*:*Predeterminado">
<Transform>
<Rotation>0.95374075060782171 0.30063030557485199 0 -0.30063030557485199 0.95374075060782171 0 0 0 1</Rotation>
<Translation>0.18920083273629024 0.093589290102904732 0.33999999999999542</Translation>
</Transform>
</Instance>
<Instance name="Coupler-2" uid="Coupler-2" entityUid="Coupler*:*Predeterminado">
<Transform>
<Rotation>-0.34608815892636968 -0.93820199650765812 0 0.93820199650765812 -0.34608815892636968 0 0 0 0.99999999999999989</Rotation>
<Translation>0.03913922163160867 0.14358925214361531 0.34999999999999543</Translation>
</Transform>
</Instance>
<Instance name="Ground-1" uid="Ground-1" grounded="true" entityUid="Ground*:*Predeterminado">
<Transform>
<Rotation>1 0 0 0 1 0 0 0 1</Rotation>
<Translation>0.0016220445394347638 -0.025628303723066969 0.32999999999999541</Translation>
</Transform>
</Instance>
</InstanceTree>
<Constraints>
<Coincident name="Coincidente11">
<ConstraintGeometry geomType="plane">
<InstancePath>
<Uid>Ground-1</Uid>
</InstancePath>
<Position>0.14999999999999999 0 0.010000000000000009</Position>
<Axis>0 0 1</Axis>
</ConstraintGeometry>
<ConstraintGeometry geomType="plane">
<InstancePath>
<Uid>Crank-2</Uid>
</InstancePath>
<Position>0 -0.050000000000000003 0</Position>
<Axis>0 0 -1</Axis>
</ConstraintGeometry>
</Coincident>
<Coincident name="Coincidente12">
<ConstraintGeometry geomType="circle">
<InstancePath>
<Uid>Ground-1</Uid>
</InstancePath>
<Position>-0.14999999999999999 0 0.010000000000000009</Position>
<Axis>0 0 1</Axis>
</ConstraintGeometry>
<ConstraintGeometry geomType="circle">
<InstancePath>
<Uid>Crank-2</Uid>
</InstancePath>
<Position>0 -0.050000000000000003 0</Position>
<Axis>0 0 1</Axis>
</ConstraintGeometry>
</Coincident>
<Coincident name="Coincidente15">
<ConstraintGeometry geomType="circle">
<InstancePath>
<Uid>Coupler-2</Uid>
</InstancePath>
<Position>0 0.19999999999999998 0</Position>
<Axis>0 0 0.99999999999999989</Axis>
</ConstraintGeometry>
<ConstraintGeometry geomType="circle">
<InstancePath>
<Uid>Crank-2</Uid>
</InstancePath>
<Position>0 0.049999999999999996 0.010000000000000009</Position>
<Axis>0 0 1</Axis>
</ConstraintGeometry>
</Coincident>
<Coincident name="Coincidente16">
<ConstraintGeometry geomType="plane">
<InstancePath>
<Uid>Coupler-2</Uid>
</InstancePath>
<Position>0 -0.19999999999999996 0</Position>
<Axis>0 0 -0.99999999999999989</Axis>
</ConstraintGeometry>
<ConstraintGeometry geomType="plane">
<InstancePath>
<Uid>Rocker-2</Uid>
</InstancePath>
<Position>0 -0.125 0.010000000000000009</Position>
<Axis>0 0 1</Axis>
</ConstraintGeometry>
</Coincident>
<Coincident name="Coincidente17">
<ConstraintGeometry geomType="circle">
<InstancePath>
<Uid>Coupler-2</Uid>
</InstancePath>
<Position>0 -0.19999999999999996 0</Position>
<Axis>0 0 0.99999999999999989</Axis>
</ConstraintGeometry>
<ConstraintGeometry geomType="circle">
<InstancePath>
<Uid>Rocker-2</Uid>
</InstancePath>
<Position>0 0.12500000000000006 0.010000000000000009</Position>
<Axis>0 0 1</Axis>
</ConstraintGeometry>
</Coincident>
<Coincident name="Coincidente18">
<ConstraintGeometry geomType="plane">
<InstancePath>
<Uid>Ground-1</Uid>
</InstancePath>
<Position>0.14999999999999999 0 0.010000000000000009</Position>
<Axis>0 0 1</Axis>
</ConstraintGeometry>
<ConstraintGeometry geomType="plane">
<InstancePath>
<Uid>Rocker-2</Uid>
</InstancePath>
<Position>0 -0.125 0</Position>
<Axis>0 0 -1</Axis>
</ConstraintGeometry>
</Coincident>
<Coincident name="Coincidente19">
<ConstraintGeometry geomType="circle">
<InstancePath>
<Uid>Ground-1</Uid>
</InstancePath>
<Position>0.14999999999999999 0 0.010000000000000009</Position>
<Axis>0 0 1</Axis>
</ConstraintGeometry>
<ConstraintGeometry geomType="circle">
<InstancePath>
<Uid>Rocker-2</Uid>
</InstancePath>
<Position>0 -0.125 0</Position>
<Axis>0 0 1</Axis>
</ConstraintGeometry>
</Coincident>
</Constraints>
</RootAssembly>
<Assemblies>
</Assemblies>
<Parts>
<Part name="Coupler" uid="Coupler*:*Predeterminado" version="112">
<ModelUnits mass="kilogram" length="millimeter"/>
<PartFile name="Coupler.SLDPRT" type="SolidWorks Part"/>
<MassProperties>
<Mass>0.33477252120915935</Mass>
<CenterOfMass>0 0 0.0050000000000000001</CenterOfMass>
<Inertia>0.0048032623304775689 2.8061482111193078e-05 0.0048257442705686091 0 0 0</Inertia>
</MassProperties>
<GeometryFile name="Coupler_Predeterminado_sldprt.STEP" type="STEP"/>
<VisualProperties>
<Ambient r="0.66666666666666663" g="0.69803921568627447" b="0.76862745098039209" a="1"/>
<Diffuse r="0.66666666666666663" g="0.69803921568627447" b="0.76862745098039209" a="1"/>
<Specular r="0.33333333333333331" g="0.34901960784313724" b="0.38431372549019605" a="1"/>
<Emissive r="0" g="0" b="0" a="1"/>
<Shininess>0.3125</Shininess>
</VisualProperties>
</Part>
<Part name="Crank" uid="Crank*:*Predeterminado" version="112">
<ModelUnits mass="kilogram" length="millimeter"/>
<PartFile name="Crank.SLDPRT" type="SolidWorks Part"/>
<MassProperties>
<Mass>0.091772521209159408</Mass>
<CenterOfMass>0 0 0.0049999999999999992</CenterOfMass>
<Inertia>0.00010831778513409161 7.8114821111930834e-06 0.00011459972522513203 0 0 0</Inertia>
</MassProperties>
<GeometryFile name="Crank_Predeterminado_sldprt.STEP" type="STEP"/>
<VisualProperties>
<Ambient r="0.66666666666666663" g="0.69803921568627447" b="0.76862745098039209" a="1"/>
<Diffuse r="0.66666666666666663" g="0.69803921568627447" b="0.76862745098039209" a="1"/>
<Specular r="0.33333333333333331" g="0.34901960784313724" b="0.38431372549019605" a="1"/>
<Emissive r="0" g="0" b="0" a="1"/>
<Shininess>0.3125</Shininess>
</VisualProperties>
</Part>
<Part name="Ground" uid="Ground*:*Predeterminado" version="108">
<ModelUnits mass="kilogram" length="millimeter"/>
<PartFile name="Ground.SLDPRT" type="SolidWorks Part"/>
<MassProperties>
<Mass>0.25377252120915939</Mass>
<CenterOfMass>0 0 0.0049999999999999992</CenterOfMass>
<Inertia>2.1311482111193076e-05 0.0021044182093172777 0.0021215001494083183 0 0 0</Inertia>
</MassProperties>
<GeometryFile name="Ground_Predeterminado_sldprt.STEP" type="STEP"/>
<VisualProperties>
<Ambient r="0.66666666666666663" g="0.69803921568627447" b="0.76862745098039209" a="1"/>
<Diffuse r="0.66666666666666663" g="0.69803921568627447" b="0.76862745098039209" a="1"/>
<Specular r="0.33333333333333331" g="0.34901960784313724" b="0.38431372549019605" a="1"/>
<Emissive r="0" g="0" b="0" a="1"/>
<Shininess>0.3125</Shininess>
</VisualProperties>
</Part>
<Part name="Rocker" uid="Rocker*:*Predeterminado" version="116">
<ModelUnits mass="kilogram" length="millimeter"/>
<PartFile name="Rocker.SLDPRT" type="SolidWorks Part"/>
<MassProperties>
<Mass>0.21327252120915935</Mass>
<CenterOfMass>0 0 0.0049999999999999992</CenterOfMass>
<Inertia>0.0012561321260043084 1.7936482111193079e-05 0.001270514066095349 0 0 0</Inertia>
</MassProperties>
<GeometryFile name="Rocker_Predeterminado_sldprt.STEP" type="STEP"/>
<VisualProperties>
<Ambient r="0.66666666666666663" g="0.69803921568627447" b="0.76862745098039209" a="1"/>
<Diffuse r="0.66666666666666663" g="0.69803921568627447" b="0.76862745098039209" a="1"/>
<Specular r="0.33333333333333331" g="0.34901960784313724" b="0.38431372549019605" a="1"/>
<Emissive r="0" g="0" b="0" a="1"/>
<Shininess>0.3125</Shininess>
</VisualProperties>
</Part>
</Parts>
</SimscapeMultibodyImportXML>
